Wing,Flat Number
C,101
C,102
C,103
C,104
C,105
C,106
C,107
C,108
C,109
C,110
C,111
C,112
C,113
C,114
C,115
C,116
C,117
C,118
C,119
C,120
C,121
C,122
C,123
C,124
C,125
C,126
C,127
C,128
C,129
C,130
C,131
C,132
C,133
C,134
C,135
C,136
C,137
C,138
C,139
C,140
C,141
C,142
C,143
C,144
C,145
C,146
C,147
C,148
C,149
C,150
D,101
D,102
D,103
D,104
D,105
D,106
D,107
D,108
D,109
D,110
D,111
D,112
D,113
D,114
D,115
D,116
D,117
D,118
D,119
D,120
D,121
D,122
D,123
D,124
D,125
D,126
D,127
D,128
D,129
D,130
D,131
D,132
D,133
D,134
D,135
D,136
D,137
D,138
D,139
D,140
D,141
D,142
D,143
D,144
D,145
D,146
D,147
D,148
D,149
D,150
